COD_OPERADORA;NOME_CIDADE;TIPO;ID_REGISTRO_EMISSAO;EMISSAO;VENCTO;ORIGEM;ARQUIVO;NOME_PARCEIRO;QTDE_PAGE_TOTAL;QTDE_COB_TOTAL;VALOR_TOTAL
021;VIA EMBRATEL;BOLETO;639834;05/02/2020;20/02/2020;Primeira Via-PrintHouse;EC02120022020_639834.rem;CLARO;124;124;13.429,20
021;VIA EMBRATEL;BOLETO;639834;05/02/2020;20/02/2020;Primeira Via-PrintHouse;EC02120022020_639834.rem;NET;1122;467;59.790,14
021;VIA EMBRATEL;BOLETO;639835;05/02/2020;20/02/2020;Primeira Via-PrintHouse;EC02120022020_639835.rem;CLARO;1;1;2,80
021;VIA EMBRATEL;BOLETO;639835;05/02/2020;20/02/2020;Primeira Via-PrintHouse;EC02120022020_639835.rem;NET;5;3;190,29
021;VIA EMBRATEL;BOLETO;639836;05/02/2020;20/02/2020;Primeira Via-PrintHouse;EC02120022020_639836.rem;CLARO;8;8;1.471,04
021;VIA EMBRATEL;BOLETO;639836;05/02/2020;20/02/2020;Primeira Via-PrintHouse;EC02120022020_639836.rem;NET;20;9;1.387,90
021;VIA EMBRATEL;BOLETO;639837;05/02/2020;20/02/2020;Primeira Via-PrintHouse;EC02120022020_639837.rem;CLARO;1;1;173,72
021;VIA EMBRATEL;BOLETO;639837;05/02/2020;20/02/2020;Primeira Via-PrintHouse;EC02120022020_639837.rem;NET;5;2;112,30
021;VIA EMBRATEL;BOLETO;639838;05/02/2020;20/02/2020;Primeira Via-PrintHouse;EC02120022020_639838.rem;NET;29;13;1.752,43
021;VIA EMBRATEL;BOLETO;639838;05/02/2020;20/02/2020;Primeira Via-PrintHouse;EC02120022020_639838.rem;CLARO;4;4;191,97
021;VIA EMBRATEL;BOLETO;639839;05/02/2020;20/02/2020;Primeira Via-PrintHouse;EC02120022020_639839.rem;CLARO;1;1;58,18
021;VIA EMBRATEL;BOLETO;639839;05/02/2020;20/02/2020;Primeira Via-PrintHouse;EC02120022020_639839.rem;NET;27;13;1.133,84
021;VIA EMBRATEL;BOLETO;639840;05/02/2020;20/02/2020;Primeira Via-PrintHouse;EC02120022020_639840.rem;NET;17;8;1.154,76
021;VIA EMBRATEL;BOLETO;639840;05/02/2020;20/02/2020;Primeira Via-PrintHouse;EC02120022020_639840.rem;CLARO;2;2;263,95
021;VIA EMBRATEL;BOLETO;639841;05/02/2020;20/02/2020;Primeira Via-PrintHouse;EC02120022020_639841.rem;CLARO;4;4;322,60
021;VIA EMBRATEL;BOLETO;639841;05/02/2020;20/02/2020;Primeira Via-PrintHouse;EC02120022020_639841.rem;NET;78;37;3.369,21
021;VIA EMBRATEL;BOLETO;639866;05/02/2020;20/02/2020;Primeira Via-PrintHouse;ERX02120022020_639866.rem;CLARO;8;8;751,12
021;VIA EMBRATEL;BOLETO;639866;05/02/2020;20/02/2020;Primeira Via-PrintHouse;ERX02120022020_639866.rem;NET;23;9;1.063,41
021;VIA EMBRATEL;BOLETO;639867;05/02/2020;20/02/2020;Primeira Via-PrintHouse;ERZ02120022020_639867.rem;CLARO;5;5;764,71
021;VIA EMBRATEL;BOLETO;639867;05/02/2020;20/02/2020;Primeira Via-PrintHouse;ERZ02120022020_639867.rem;NET;12;5;820,69
021;VIA EMBRATEL;BOLETO;639842;05/02/2020;20/02/2020;Primeira Via-PrintHouse;ER1C02120022020_639842.rem;NET;40;15;3.166,95
021;VIA EMBRATEL;BOLETO;639800;05/02/2020;20/02/2020;Primeira Via-PrintHouse;ER102120022020_639800.rem;NET;1126;535;63.958,99
021;VIA EMBRATEL;BOLETO;639801;05/02/2020;20/02/2020;Primeira Via-PrintHouse;ER102120022020_639801.rem;CLARO;1;1;1,45
021;VIA EMBRATEL;BOLETO;639801;05/02/2020;20/02/2020;Primeira Via-PrintHouse;ER102120022020_639801.rem;NET;2528;1182;144.923,83
021;VIA EMBRATEL;BOLETO;639802;05/02/2020;20/02/2020;Primeira Via-PrintHouse;ER102120022020_639802.rem;NET;279;122;15.554,54
021;VIA EMBRATEL;BOLETO;639803;05/02/2020;20/02/2020;Primeira Via-PrintHouse;ER102120022020_639803.rem;NET;2855;1000;146.297,41
021;VIA EMBRATEL;BOLETO;639804;05/02/2020;20/02/2020;Primeira Via-PrintHouse;ER102120022020_639804.rem;NET;2520;1001;135.310,34
021;VIA EMBRATEL;BOLETO;639843;05/02/2020;20/02/2020;Primeira Via-PrintHouse;ER3C02120022020_639843.rem;NET;8;4;473,15
021;VIA EMBRATEL;BOLETO;639844;05/02/2020;20/02/2020;Primeira Via-PrintHouse;ER3C02120022020_639844.rem;NET;16;6;1.058,40
021;VIA EMBRATEL;BOLETO;639805;05/02/2020;20/02/2020;Primeira Via-PrintHouse;ER302120022020_639805.rem;NET;2331;1111;127.761,96
021;VIA EMBRATEL;BOLETO;639806;05/02/2020;20/02/2020;Primeira Via-PrintHouse;ER302120022020_639806.rem;NET;416;201;21.813,54
021;VIA EMBRATEL;BOLETO;639807;05/02/2020;20/02/2020;Primeira Via-PrintHouse;ER302120022020_639807.rem;NET;2357;1003;135.598,45
021;VIA EMBRATEL;BOLETO;639809;05/02/2020;20/02/2020;Primeira Via-PrintHouse;ER302120022020_639809.rem;NET;2639;1000;141.854,06
021;VIA EMBRATEL;BOLETO;639809;05/02/2020;20/02/2020;Primeira Via-PrintHouse;ER302120022020_639809.rem;CLARO;1;1;210,77
021;VIA EMBRATEL;BOLETO;639850;05/02/2020;20/02/2020;Primeira Via-PrintHouse;ETC02120022020_639850.rem;NET;1516;501;81.796,41
021;VIA EMBRATEL;BOLETO;639850;05/02/2020;20/02/2020;Primeira Via-PrintHouse;ETC02120022020_639850.rem;EMBRATEL;359;199;4.674,35
021;VIA EMBRATEL;BOLETO;639850;05/02/2020;20/02/2020;Primeira Via-PrintHouse;ETC02120022020_639850.rem;CLARO;1579;1069;137.096,13
021;VIA EMBRATEL;BOLETO;639851;05/02/2020;20/02/2020;Primeira Via-PrintHouse;ETC02120022020_639851.rem;CLARO;18;16;2.171,53
021;VIA EMBRATEL;BOLETO;639851;05/02/2020;20/02/2020;Primeira Via-PrintHouse;ETC02120022020_639851.rem;NET;41;17;2.199,28
021;VIA EMBRATEL;BOLETO;639852;05/02/2020;20/02/2020;Primeira Via-PrintHouse;ETC02120022020_639852.rem;EMBRATEL;7;3;88,00
021;VIA EMBRATEL;BOLETO;639852;05/02/2020;20/02/2020;Primeira Via-PrintHouse;ETC02120022020_639852.rem;CLARO;91;83;10.807,69
021;VIA EMBRATEL;BOLETO;639852;05/02/2020;20/02/2020;Primeira Via-PrintHouse;ETC02120022020_639852.rem;NET;156;77;9.674,71
021;VIA EMBRATEL;BOLETO;639853;05/02/2020;20/02/2020;Primeira Via-PrintHouse;ETC02120022020_639853.rem;NET;181;87;10.627,60
021;VIA EMBRATEL;BOLETO;639853;05/02/2020;20/02/2020;Primeira Via-PrintHouse;ETC02120022020_639853.rem;CLARO;170;129;18.174,04
021;VIA EMBRATEL;BOLETO;639853;05/02/2020;20/02/2020;Primeira Via-PrintHouse;ETC02120022020_639853.rem;EMBRATEL;29;17;670,84
021;VIA EMBRATEL;BOLETO;639854;05/02/2020;20/02/2020;Primeira Via-PrintHouse;ETC02120022020_639854.rem;CLARO;70;64;6.656,67
021;VIA EMBRATEL;BOLETO;639854;05/02/2020;20/02/2020;Primeira Via-PrintHouse;ETC02120022020_639854.rem;EMBRATEL;5;4;130,25
021;VIA EMBRATEL;BOLETO;639854;05/02/2020;20/02/2020;Primeira Via-PrintHouse;ETC02120022020_639854.rem;NET;130;62;8.085,34
021;VIA EMBRATEL;BOLETO;639855;05/02/2020;20/02/2020;Primeira Via-PrintHouse;ETC02120022020_639855.rem;NET;287;122;18.410,74
021;VIA EMBRATEL;BOLETO;639855;05/02/2020;20/02/2020;Primeira Via-PrintHouse;ETC02120022020_639855.rem;EMBRATEL;84;59;1.453,59
021;VIA EMBRATEL;BOLETO;639855;05/02/2020;20/02/2020;Primeira Via-PrintHouse;ETC02120022020_639855.rem;CLARO;433;278;37.167,16
021;VIA EMBRATEL;BOLETO;639856;05/02/2020;20/02/2020;Primeira Via-PrintHouse;ETC02120022020_639856.rem;EMBRATEL;19;11;241,30
021;VIA EMBRATEL;BOLETO;639856;05/02/2020;20/02/2020;Primeira Via-PrintHouse;ETC02120022020_639856.rem;CLARO;129;85;10.766,61
021;VIA EMBRATEL;BOLETO;639856;05/02/2020;20/02/2020;Primeira Via-PrintHouse;ETC02120022020_639856.rem;NET;95;39;4.002,27
021;VIA EMBRATEL;BOLETO;639857;05/02/2020;20/02/2020;Primeira Via-PrintHouse;ETC02120022020_639857.rem;CLARO;380;258;32.303,94
021;VIA EMBRATEL;BOLETO;639857;05/02/2020;20/02/2020;Primeira Via-PrintHouse;ETC02120022020_639857.rem;EMBRATEL;57;36;566,95
021;VIA EMBRATEL;BOLETO;639857;05/02/2020;20/02/2020;Primeira Via-PrintHouse;ETC02120022020_639857.rem;NET;300;128;17.062,82
021;VIA EMBRATEL;BOLETO;639858;05/02/2020;20/02/2020;Primeira Via-PrintHouse;ETC02120022020_639858.rem;EMBRATEL;3;1;24,90
021;VIA EMBRATEL;BOLETO;639859;05/02/2020;20/02/2020;Primeira Via-PrintHouse;ETC02120022020_639859.rem;CLARO;1211;906;125.943,64
021;VIA EMBRATEL;BOLETO;639859;05/02/2020;20/02/2020;Primeira Via-PrintHouse;ETC02120022020_639859.rem;EMBRATEL;223;144;4.546,31
021;VIA EMBRATEL;BOLETO;639859;05/02/2020;20/02/2020;Primeira Via-PrintHouse;ETC02120022020_639859.rem;NET;1243;609;75.314,07
021;VIA EMBRATEL;BOLETO;639860;05/02/2020;20/02/2020;Primeira Via-PrintHouse;ETC02120022020_639860.rem;NET;937;460;51.018,64
021;VIA EMBRATEL;BOLETO;639860;05/02/2020;20/02/2020;Primeira Via-PrintHouse;ETC02120022020_639860.rem;EMBRATEL;306;216;6.270,78
021;VIA EMBRATEL;BOLETO;639860;05/02/2020;20/02/2020;Primeira Via-PrintHouse;ETC02120022020_639860.rem;CLARO;1301;855;121.970,92
021;VIA EMBRATEL;BOLETO;639861;05/02/2020;20/02/2020;Primeira Via-PrintHouse;ETC02120022020_639861.rem;EMBRATEL;373;224;6.193,21
021;VIA EMBRATEL;BOLETO;639861;05/02/2020;20/02/2020;Primeira Via-PrintHouse;ETC02120022020_639861.rem;CLARO;1301;853;130.731,73
021;VIA EMBRATEL;BOLETO;639861;05/02/2020;20/02/2020;Primeira Via-PrintHouse;ETC02120022020_639861.rem;NET;772;386;39.892,00
021;VIA EMBRATEL;BOLETO;639862;05/02/2020;20/02/2020;Primeira Via-PrintHouse;ETC02120022020_639862.rem;NET;844;409;46.293,60
021;VIA EMBRATEL;BOLETO;639862;05/02/2020;20/02/2020;Primeira Via-PrintHouse;ETC02120022020_639862.rem;EMBRATEL;334;198;5.372,81
021;VIA EMBRATEL;BOLETO;639862;05/02/2020;20/02/2020;Primeira Via-PrintHouse;ETC02120022020_639862.rem;CLARO;1327;866;122.172,04
021;VIA EMBRATEL;BOLETO;639863;05/02/2020;20/02/2020;Primeira Via-PrintHouse;ETC02120022020_639863.rem;NET;1542;702;87.542,25
021;VIA EMBRATEL;BOLETO;639863;05/02/2020;20/02/2020;Primeira Via-PrintHouse;ETC02120022020_639863.rem;CLARO;1184;949;112.529,69
021;VIA EMBRATEL;BOLETO;639863;05/02/2020;20/02/2020;Primeira Via-PrintHouse;ETC02120022020_639863.rem;EMBRATEL;157;89;2.379,13
021;VIA EMBRATEL;BOLETO;639864;05/02/2020;20/02/2020;Primeira Via-PrintHouse;ETC02120022020_639864.rem;CLARO;1424;948;113.724,13
021;VIA EMBRATEL;BOLETO;639864;05/02/2020;20/02/2020;Primeira Via-PrintHouse;ETC02120022020_639864.rem;NET;1123;471;70.845,83
021;VIA EMBRATEL;BOLETO;639864;05/02/2020;20/02/2020;Primeira Via-PrintHouse;ETC02120022020_639864.rem;EMBRATEL;204;137;3.562,04
021;VIA EMBRATEL;BOLETO;639865;05/02/2020;20/02/2020;Primeira Via-PrintHouse;ETC02120022020_639865.rem;EMBRATEL;214;145;3.660,23
021;VIA EMBRATEL;BOLETO;639865;05/02/2020;20/02/2020;Primeira Via-PrintHouse;ETC02120022020_639865.rem;NET;885;350;56.193,11
021;VIA EMBRATEL;BOLETO;639865;05/02/2020;20/02/2020;Primeira Via-PrintHouse;ETC02120022020_639865.rem;CLARO;1532;943;110.073,88
021;VIA EMBRATEL;BOLETO;639964;05/02/2020;20/02/2020;Primeira Via-PrintHouse;ETC02120022020_639964.rem;EMBRATEL;3;2;39,80
021;VIA EMBRATEL;BOLETO;639964;05/02/2020;20/02/2020;Primeira Via-PrintHouse;ETC02120022020_639964.rem;CLARO;3;2;161,46
021;VIA EMBRATEL;BOLETO;639965;05/02/2020;20/02/2020;Primeira Via-PrintHouse;ETC02120022020_639965.rem;CLARO;63;37;4.672,95
021;VIA EMBRATEL;BOLETO;639965;05/02/2020;20/02/2020;Primeira Via-PrintHouse;ETC02120022020_639965.rem;EMBRATEL;32;16;465,29
021;VIA EMBRATEL;BOLETO;639966;05/02/2020;20/02/2020;Primeira Via-PrintHouse;ETC02120022020_639966.rem;EMBRATEL;0;1;26,78
021;VIA EMBRATEL;BOLETO;639966;05/02/2020;20/02/2020;Primeira Via-PrintHouse;ETC02120022020_639966.rem;CLARO;13;6;887,19
021;VIA EMBRATEL;BOLETO;639967;05/02/2020;20/02/2020;Primeira Via-PrintHouse;ETC02120022020_639967.rem;CLARO;2;1;99,99
021;VIA EMBRATEL;BOLETO;639968;05/02/2020;20/02/2020;Primeira Via-PrintHouse;ETC02120022020_639968.rem;CLARO;4;2;448,98
021;VIA EMBRATEL;BOLETO;639969;05/02/2020;20/02/2020;Primeira Via-PrintHouse;ETC02120022020_639969.rem;CLARO;8;4;936,58
021;VIA EMBRATEL;BOLETO;639970;05/02/2020;20/02/2020;Primeira Via-PrintHouse;ETC02120022020_639970.rem;EMBRATEL;52;26;727,07
021;VIA EMBRATEL;BOLETO;639970;05/02/2020;20/02/2020;Primeira Via-PrintHouse;ETC02120022020_639970.rem;CLARO;109;61;10.076,43
021;VIA EMBRATEL;BOLETO;639971;05/02/2020;20/02/2020;Primeira Via-PrintHouse;ETC02120022020_639971.rem;CLARO;15;8;750,43
021;VIA EMBRATEL;BOLETO;639971;05/02/2020;20/02/2020;Primeira Via-PrintHouse;ETC02120022020_639971.rem;EMBRATEL;3;2;39,98
021;VIA EMBRATEL;BOLETO;639972;05/02/2020;20/02/2020;Primeira Via-PrintHouse;ETC02120022020_639972.rem;CLARO;4;2;300,43
021;VIA EMBRATEL;BOLETO;639973;05/02/2020;20/02/2020;Primeira Via-PrintHouse;ETC02120022020_639973.rem;CLARO;109;63;10.437,64
021;VIA EMBRATEL;BOLETO;639973;05/02/2020;20/02/2020;Primeira Via-PrintHouse;ETC02120022020_639973.rem;EMBRATEL;43;20;558,71
021;VIA EMBRATEL;BOLETO;639974;05/02/2020;20/02/2020;Primeira Via-PrintHouse;ETC02120022020_639974.rem;EMBRATEL;10;4;119,96
021;VIA EMBRATEL;BOLETO;639974;05/02/2020;20/02/2020;Primeira Via-PrintHouse;ETC02120022020_639974.rem;CLARO;17;10;1.373,71
021;VIA EMBRATEL;BOLETO;639975;05/02/2020;20/02/2020;Primeira Via-PrintHouse;ETC02120022020_639975.rem;CLARO;92;55;9.758,48
021;VIA EMBRATEL;BOLETO;639975;05/02/2020;20/02/2020;Primeira Via-PrintHouse;ETC02120022020_639975.rem;EMBRATEL;45;25;599,70
021;VIA EMBRATEL;BOLETO;639976;05/02/2020;20/02/2020;Primeira Via-PrintHouse;ETC02120022020_639976.rem;CLARO;36;19;1.720,12
021;VIA EMBRATEL;BOLETO;639976;05/02/2020;20/02/2020;Primeira Via-PrintHouse;ETC02120022020_639976.rem;EMBRATEL;6;4;101,53
021;VIA EMBRATEL;BOLETO;639977;05/02/2020;20/02/2020;Primeira Via-PrintHouse;ETC02120022020_639977.rem;CLARO;37;19;1.831,07
021;VIA EMBRATEL;BOLETO;639977;05/02/2020;20/02/2020;Primeira Via-PrintHouse;ETC02120022020_639977.rem;EMBRATEL;8;5;150,53
021;VIA EMBRATEL;BOLETO;639978;05/02/2020;20/02/2020;Primeira Via-PrintHouse;ETC02120022020_639978.rem;EMBRATEL;21;8;200,89
021;VIA EMBRATEL;BOLETO;639978;05/02/2020;20/02/2020;Primeira Via-PrintHouse;ETC02120022020_639978.rem;CLARO;33;19;1.862,00
021;VIA EMBRATEL;BOLETO;639845;05/02/2020;20/02/2020;Primeira Via-PrintHouse;ETRX02120022020_639845.rem;CLARO;51;44;6.566,83
021;VIA EMBRATEL;BOLETO;639845;05/02/2020;20/02/2020;Primeira Via-PrintHouse;ETRX02120022020_639845.rem;EMBRATEL;0;1;41,05
021;VIA EMBRATEL;BOLETO;639845;05/02/2020;20/02/2020;Primeira Via-PrintHouse;ETRX02120022020_639845.rem;NET;86;42;5.862,42
021;VIA EMBRATEL;BOLETO;639846;05/02/2020;20/02/2020;Primeira Via-PrintHouse;ETRX02120022020_639846.rem;CLARO;2;1;119,99
021;VIA EMBRATEL;BOLETO;639847;05/02/2020;20/02/2020;Primeira Via-PrintHouse;ETRX02120022020_639847.rem;NET;516;201;27.828,00
021;VIA EMBRATEL;BOLETO;639847;05/02/2020;20/02/2020;Primeira Via-PrintHouse;ETRX02120022020_639847.rem;CLARO;225;210;29.537,46
021;VIA EMBRATEL;BOLETO;639847;05/02/2020;20/02/2020;Primeira Via-PrintHouse;ETRX02120022020_639847.rem;EMBRATEL;8;9;251,57
021;VIA EMBRATEL;BOLETO;639962;05/02/2020;20/02/2020;Primeira Via-PrintHouse;ETRX02120022020_639962.rem;CLARO;6;3;375,26
021;VIA EMBRATEL;BOLETO;639848;05/02/2020;20/02/2020;Primeira Via-PrintHouse;ETRZ02120022020_639848.rem;EMBRATEL;2;1;55,81
021;VIA EMBRATEL;BOLETO;639848;05/02/2020;20/02/2020;Primeira Via-PrintHouse;ETRZ02120022020_639848.rem;CLARO;32;32;3.316,19
021;VIA EMBRATEL;BOLETO;639848;05/02/2020;20/02/2020;Primeira Via-PrintHouse;ETRZ02120022020_639848.rem;NET;68;32;4.423,62
021;VIA EMBRATEL;BOLETO;639849;05/02/2020;20/02/2020;Primeira Via-PrintHouse;ETRZ02120022020_639849.rem;NET;481;204;29.708,36
021;VIA EMBRATEL;BOLETO;639849;05/02/2020;20/02/2020;Primeira Via-PrintHouse;ETRZ02120022020_639849.rem;EMBRATEL;8;8;286,71
021;VIA EMBRATEL;BOLETO;639849;05/02/2020;20/02/2020;Primeira Via-PrintHouse;ETRZ02120022020_639849.rem;CLARO;230;214;27.946,27
021;VIA EMBRATEL;BOLETO;639963;05/02/2020;20/02/2020;Primeira Via-PrintHouse;ETRZ02120022020_639963.rem;CLARO;4;2;147,59
021;VIA EMBRATEL;BOLETO;639808;05/02/2020;20/02/2020;Primeira Via-PrintHouse;ETR102120022020_639808.rem;CLARO;1;1;49,99
021;VIA EMBRATEL;BOLETO;639808;05/02/2020;20/02/2020;Primeira Via-PrintHouse;ETR102120022020_639808.rem;EMBRATEL;21;10;349,88
021;VIA EMBRATEL;BOLETO;639808;05/02/2020;20/02/2020;Primeira Via-PrintHouse;ETR102120022020_639808.rem;NET;25;11;1.665,16
021;VIA EMBRATEL;BOLETO;639810;05/02/2020;20/02/2020;Primeira Via-PrintHouse;ETR102120022020_639810.rem;EMBRATEL;84;39;1.227,95
021;VIA EMBRATEL;BOLETO;639810;05/02/2020;20/02/2020;Primeira Via-PrintHouse;ETR102120022020_639810.rem;NET;109;48;5.923,36
021;VIA EMBRATEL;BOLETO;639810;05/02/2020;20/02/2020;Primeira Via-PrintHouse;ETR102120022020_639810.rem;CLARO;7;8;748,22
021;VIA EMBRATEL;BOLETO;639811;05/02/2020;20/02/2020;Primeira Via-PrintHouse;ETR302120022020_639811.rem;NET;90;39;4.523,14
021;VIA EMBRATEL;BOLETO;639811;05/02/2020;20/02/2020;Primeira Via-PrintHouse;ETR302120022020_639811.rem;EMBRATEL;80;35;1.129,24
021;VIA EMBRATEL;BOLETO;639811;05/02/2020;20/02/2020;Primeira Via-PrintHouse;ETR302120022020_639811.rem;CLARO;16;12;1.123,84
021;VIA EMBRATEL;BOLETO;639812;05/02/2020;20/02/2020;Primeira Via-PrintHouse;ET02120022020_639812.rem;CLARO;129;75;9.726,06
021;VIA EMBRATEL;BOLETO;639812;05/02/2020;20/02/2020;Primeira Via-PrintHouse;ET02120022020_639812.rem;EMBRATEL;1874;609;17.571,20
021;VIA EMBRATEL;BOLETO;639812;05/02/2020;20/02/2020;Primeira Via-PrintHouse;ET02120022020_639812.rem;NET;131;49;7.661,20
021;VIA EMBRATEL;BOLETO;639813;05/02/2020;20/02/2020;Primeira Via-PrintHouse;ET02120022020_639813.rem;EMBRATEL;3;1;29,89
021;VIA EMBRATEL;BOLETO;639814;05/02/2020;20/02/2020;Primeira Via-PrintHouse;ET02120022020_639814.rem;NET;36;16;1.685,73
021;VIA EMBRATEL;BOLETO;639814;05/02/2020;20/02/2020;Primeira Via-PrintHouse;ET02120022020_639814.rem;EMBRATEL;55;21;653,73
021;VIA EMBRATEL;BOLETO;639814;05/02/2020;20/02/2020;Primeira Via-PrintHouse;ET02120022020_639814.rem;CLARO;3;3;460,25
021;VIA EMBRATEL;BOLETO;639815;05/02/2020;20/02/2020;Primeira Via-PrintHouse;ET02120022020_639815.rem;CLARO;29;16;2.358,17
021;VIA EMBRATEL;BOLETO;639815;05/02/2020;20/02/2020;Primeira Via-PrintHouse;ET02120022020_639815.rem;EMBRATEL;498;161;5.688,05
021;VIA EMBRATEL;BOLETO;639815;05/02/2020;20/02/2020;Primeira Via-PrintHouse;ET02120022020_639815.rem;NET;45;32;1.917,42
021;VIA EMBRATEL;BOLETO;639816;05/02/2020;20/02/2020;Primeira Via-PrintHouse;ET02120022020_639816.rem;EMBRATEL;20;8;218,77
021;VIA EMBRATEL;BOLETO;639816;05/02/2020;20/02/2020;Primeira Via-PrintHouse;ET02120022020_639816.rem;CLARO;8;5;183,59
021;VIA EMBRATEL;BOLETO;639816;05/02/2020;20/02/2020;Primeira Via-PrintHouse;ET02120022020_639816.rem;NET;23;10;922,04
021;VIA EMBRATEL;BOLETO;639817;05/02/2020;20/02/2020;Primeira Via-PrintHouse;ET02120022020_639817.rem;EMBRATEL;1174;380;11.181,34
021;VIA EMBRATEL;BOLETO;639817;05/02/2020;20/02/2020;Primeira Via-PrintHouse;ET02120022020_639817.rem;CLARO;55;33;2.292,13
021;VIA EMBRATEL;BOLETO;639817;05/02/2020;20/02/2020;Primeira Via-PrintHouse;ET02120022020_639817.rem;NET;84;49;3.485,84
021;VIA EMBRATEL;BOLETO;639818;05/02/2020;20/02/2020;Primeira Via-PrintHouse;ET02120022020_639818.rem;CLARO;28;14;592,30
021;VIA EMBRATEL;BOLETO;639818;05/02/2020;20/02/2020;Primeira Via-PrintHouse;ET02120022020_639818.rem;NET;29;16;713,27
021;VIA EMBRATEL;BOLETO;639818;05/02/2020;20/02/2020;Primeira Via-PrintHouse;ET02120022020_639818.rem;EMBRATEL;319;102;3.043,80
021;VIA EMBRATEL;BOLETO;639819;05/02/2020;20/02/2020;Primeira Via-PrintHouse;ET02120022020_639819.rem;EMBRATEL;1034;339;8.364,70
021;VIA EMBRATEL;BOLETO;639819;05/02/2020;20/02/2020;Primeira Via-PrintHouse;ET02120022020_639819.rem;NET;95;53;3.546,82
021;VIA EMBRATEL;BOLETO;639819;05/02/2020;20/02/2020;Primeira Via-PrintHouse;ET02120022020_639819.rem;CLARO;107;57;4.342,71
021;VIA EMBRATEL;BOLETO;639820;05/02/2020;20/02/2020;Primeira Via-PrintHouse;ET02120022020_639820.rem;CLARO;4;2;387,12
021;VIA EMBRATEL;BOLETO;639820;05/02/2020;20/02/2020;Primeira Via-PrintHouse;ET02120022020_639820.rem;NET;31;17;1.838,90
021;VIA EMBRATEL;BOLETO;639820;05/02/2020;20/02/2020;Primeira Via-PrintHouse;ET02120022020_639820.rem;EMBRATEL;60;24;815,20
021;VIA EMBRATEL;BOLETO;639821;05/02/2020;20/02/2020;Primeira Via-PrintHouse;ET02120022020_639821.rem;CLARO;26;17;1.514,97
021;VIA EMBRATEL;BOLETO;639821;05/02/2020;20/02/2020;Primeira Via-PrintHouse;ET02120022020_639821.rem;EMBRATEL;2646;845;31.375,42
021;VIA EMBRATEL;BOLETO;639821;05/02/2020;20/02/2020;Primeira Via-PrintHouse;ET02120022020_639821.rem;NET;167;112;5.165,28
021;VIA EMBRATEL;BOLETO;639822;05/02/2020;20/02/2020;Primeira Via-PrintHouse;ET02120022020_639822.rem;CLARO;48;27;2.884,88
021;VIA EMBRATEL;BOLETO;639822;05/02/2020;20/02/2020;Primeira Via-PrintHouse;ET02120022020_639822.rem;NET;179;124;5.209,83
021;VIA EMBRATEL;BOLETO;639822;05/02/2020;20/02/2020;Primeira Via-PrintHouse;ET02120022020_639822.rem;EMBRATEL;2600;815;30.215,34
021;VIA EMBRATEL;BOLETO;639823;05/02/2020;20/02/2020;Primeira Via-PrintHouse;ET02120022020_639823.rem;EMBRATEL;2518;787;29.468,54
021;VIA EMBRATEL;BOLETO;639823;05/02/2020;20/02/2020;Primeira Via-PrintHouse;ET02120022020_639823.rem;NET;149;122;3.663,48
021;VIA EMBRATEL;BOLETO;639823;05/02/2020;20/02/2020;Primeira Via-PrintHouse;ET02120022020_639823.rem;CLARO;39;22;1.470,72
021;VIA EMBRATEL;BOLETO;639824;05/02/2020;20/02/2020;Primeira Via-PrintHouse;ET02120022020_639824.rem;EMBRATEL;2534;783;29.745,22
021;VIA EMBRATEL;BOLETO;639824;05/02/2020;20/02/2020;Primeira Via-PrintHouse;ET02120022020_639824.rem;NET;134;115;2.042,83
021;VIA EMBRATEL;BOLETO;639824;05/02/2020;20/02/2020;Primeira Via-PrintHouse;ET02120022020_639824.rem;CLARO;37;23;1.823,14
021;VIA EMBRATEL;BOLETO;639825;05/02/2020;20/02/2020;Primeira Via-PrintHouse;ET02120022020_639825.rem;EMBRATEL;2625;814;30.014,52
021;VIA EMBRATEL;BOLETO;639825;05/02/2020;20/02/2020;Primeira Via-PrintHouse;ET02120022020_639825.rem;NET;136;111;3.278,70
021;VIA EMBRATEL;BOLETO;639825;05/02/2020;20/02/2020;Primeira Via-PrintHouse;ET02120022020_639825.rem;CLARO;47;26;2.132,44
021;VIA EMBRATEL;BOLETO;639826;05/02/2020;20/02/2020;Primeira Via-PrintHouse;ET02120022020_639826.rem;NET;132;110;2.522,29
021;VIA EMBRATEL;BOLETO;639826;05/02/2020;20/02/2020;Primeira Via-PrintHouse;ET02120022020_639826.rem;CLARO;43;23;2.769,54
021;VIA EMBRATEL;BOLETO;639826;05/02/2020;20/02/2020;Primeira Via-PrintHouse;ET02120022020_639826.rem;EMBRATEL;2538;800;28.081,96
021;VIA EMBRATEL;BOLETO;639827;05/02/2020;20/02/2020;Primeira Via-PrintHouse;ET02120022020_639827.rem;NET;148;120;2.721,90
021;VIA EMBRATEL;BOLETO;639827;05/02/2020;20/02/2020;Primeira Via-PrintHouse;ET02120022020_639827.rem;CLARO;54;29;3.132,32
021;VIA EMBRATEL;BOLETO;639827;05/02/2020;20/02/2020;Primeira Via-PrintHouse;ET02120022020_639827.rem;EMBRATEL;2439;773;27.077,58
021;VIA EMBRATEL;BOLETO;639828;05/02/2020;20/02/2020;Primeira Via-PrintHouse;ET02120022020_639828.rem;CLARO;86;48;5.746,70
021;VIA EMBRATEL;BOLETO;639828;05/02/2020;20/02/2020;Primeira Via-PrintHouse;ET02120022020_639828.rem;EMBRATEL;2441;768;27.740,12
021;VIA EMBRATEL;BOLETO;639828;05/02/2020;20/02/2020;Primeira Via-PrintHouse;ET02120022020_639828.rem;NET;195;139;5.414,86
021;VIA EMBRATEL;BOLETO;639829;05/02/2020;20/02/2020;Primeira Via-PrintHouse;ET02120022020_639829.rem;EMBRATEL;2474;790;27.600,61
021;VIA EMBRATEL;BOLETO;639829;05/02/2020;20/02/2020;Primeira Via-PrintHouse;ET02120022020_639829.rem;CLARO;66;37;4.253,51
021;VIA EMBRATEL;BOLETO;639829;05/02/2020;20/02/2020;Primeira Via-PrintHouse;ET02120022020_639829.rem;NET;161;123;3.511,80
021;VIA EMBRATEL;BOLETO;639830;05/02/2020;20/02/2020;Primeira Via-PrintHouse;ET02120022020_639830.rem;NET;294;175;12.621,66
021;VIA EMBRATEL;BOLETO;639830;05/02/2020;20/02/2020;Primeira Via-PrintHouse;ET02120022020_639830.rem;CLARO;123;73;10.300,90
021;VIA EMBRATEL;BOLETO;639830;05/02/2020;20/02/2020;Primeira Via-PrintHouse;ET02120022020_639830.rem;EMBRATEL;2383;790;26.030,58
021;VIA EMBRATEL;BOLETO;639831;05/02/2020;20/02/2020;Primeira Via-PrintHouse;ET02120022020_639831.rem;CLARO;167;90;9.669,28
021;VIA EMBRATEL;BOLETO;639831;05/02/2020;20/02/2020;Primeira Via-PrintHouse;ET02120022020_639831.rem;NET;218;127;8.265,25
021;VIA EMBRATEL;BOLETO;639831;05/02/2020;20/02/2020;Primeira Via-PrintHouse;ET02120022020_639831.rem;EMBRATEL;2442;802;25.667,80
021;VIA EMBRATEL;BOLETO;639832;05/02/2020;20/02/2020;Primeira Via-PrintHouse;ET02120022020_639832.rem;CLARO;271;154;10.155,68
021;VIA EMBRATEL;BOLETO;639832;05/02/2020;20/02/2020;Primeira Via-PrintHouse;ET02120022020_639832.rem;NET;248;126;14.419,56
021;VIA EMBRATEL;BOLETO;639832;05/02/2020;20/02/2020;Primeira Via-PrintHouse;ET02120022020_639832.rem;EMBRATEL;2349;767;23.038,87
021;VIA EMBRATEL;BOLETO;639833;05/02/2020;20/02/2020;Primeira Via-PrintHouse;ET02120022020_639833.rem;NET;195;85;10.249,39
021;VIA EMBRATEL;BOLETO;639833;05/02/2020;20/02/2020;Primeira Via-PrintHouse;ET02120022020_639833.rem;EMBRATEL;2512;808;24.073,07
021;VIA EMBRATEL;BOLETO;639833;05/02/2020;20/02/2020;Primeira Via-PrintHouse;ET02120022020_639833.rem;CLARO;269;155;10.970,61
021;VIA EMBRATEL;BOLETO;639943;05/02/2020;20/02/2020;Primeira Via-PrintHouse;ET02120022020_639943.rem;EMBRATEL;89;27;897,24
021;VIA EMBRATEL;BOLETO;639944;05/02/2020;20/02/2020;Primeira Via-PrintHouse;ET02120022020_639944.rem;EMBRATEL;19;6;132,02
021;VIA EMBRATEL;BOLETO;639945;05/02/2020;20/02/2020;Primeira Via-PrintHouse;ET02120022020_639945.rem;CLARO;4;2;327,52
021;VIA EMBRATEL;BOLETO;639945;05/02/2020;20/02/2020;Primeira Via-PrintHouse;ET02120022020_639945.rem;EMBRATEL;209;67;2.515,16
021;VIA EMBRATEL;BOLETO;639946;05/02/2020;20/02/2020;Primeira Via-PrintHouse;ET02120022020_639946.rem;EMBRATEL;133;43;1.208,51
021;VIA EMBRATEL;BOLETO;639946;05/02/2020;20/02/2020;Primeira Via-PrintHouse;ET02120022020_639946.rem;CLARO;4;2;125,68
021;VIA EMBRATEL;BOLETO;639947;05/02/2020;20/02/2020;Primeira Via-PrintHouse;ET02120022020_639947.rem;EMBRATEL;75;25;786,57
021;VIA EMBRATEL;BOLETO;639947;05/02/2020;20/02/2020;Primeira Via-PrintHouse;ET02120022020_639947.rem;CLARO;0;1;50,79
021;VIA EMBRATEL;BOLETO;639948;05/02/2020;20/02/2020;Primeira Via-PrintHouse;ET02120022020_639948.rem;CLARO;2;1;340,26
021;VIA EMBRATEL;BOLETO;639948;05/02/2020;20/02/2020;Primeira Via-PrintHouse;ET02120022020_639948.rem;EMBRATEL;6;2;73,29
021;VIA EMBRATEL;BOLETO;639949;05/02/2020;20/02/2020;Primeira Via-PrintHouse;ET02120022020_639949.rem;EMBRATEL;62;20;707,08
021;VIA EMBRATEL;BOLETO;639950;05/02/2020;20/02/2020;Primeira Via-PrintHouse;ET02120022020_639950.rem;CLARO;2;1;0,85
021;VIA EMBRATEL;BOLETO;639950;05/02/2020;20/02/2020;Primeira Via-PrintHouse;ET02120022020_639950.rem;EMBRATEL;19;6;201,21
021;VIA EMBRATEL;BOLETO;639951;05/02/2020;20/02/2020;Primeira Via-PrintHouse;ET02120022020_639951.rem;CLARO;11;5;329,39
021;VIA EMBRATEL;BOLETO;639951;05/02/2020;20/02/2020;Primeira Via-PrintHouse;ET02120022020_639951.rem;EMBRATEL;278;85;2.864,76
021;VIA EMBRATEL;BOLETO;639952;05/02/2020;20/02/2020;Primeira Via-PrintHouse;ET02120022020_639952.rem;CLARO;4;2;45,93
021;VIA EMBRATEL;BOLETO;639952;05/02/2020;20/02/2020;Primeira Via-PrintHouse;ET02120022020_639952.rem;EMBRATEL;267;86;2.776,86
021;VIA EMBRATEL;BOLETO;639953;05/02/2020;20/02/2020;Primeira Via-PrintHouse;ET02120022020_639953.rem;EMBRATEL;162;52;1.780,33
021;VIA EMBRATEL;BOLETO;639953;05/02/2020;20/02/2020;Primeira Via-PrintHouse;ET02120022020_639953.rem;CLARO;8;4;324,87
021;VIA EMBRATEL;BOLETO;639954;05/02/2020;20/02/2020;Primeira Via-PrintHouse;ET02120022020_639954.rem;CLARO;8;4;917,54
021;VIA EMBRATEL;BOLETO;639954;05/02/2020;20/02/2020;Primeira Via-PrintHouse;ET02120022020_639954.rem;EMBRATEL;303;89;2.978,54
021;VIA EMBRATEL;BOLETO;639955;05/02/2020;20/02/2020;Primeira Via-PrintHouse;ET02120022020_639955.rem;CLARO;2;1;86,85
021;VIA EMBRATEL;BOLETO;639955;05/02/2020;20/02/2020;Primeira Via-PrintHouse;ET02120022020_639955.rem;EMBRATEL;304;95;3.515,52
021;VIA EMBRATEL;BOLETO;639956;05/02/2020;20/02/2020;Primeira Via-PrintHouse;ET02120022020_639956.rem;EMBRATEL;255;80;2.797,79
021;VIA EMBRATEL;BOLETO;639956;05/02/2020;20/02/2020;Primeira Via-PrintHouse;ET02120022020_639956.rem;CLARO;2;1;164,17
021;VIA EMBRATEL;BOLETO;639957;05/02/2020;20/02/2020;Primeira Via-PrintHouse;ET02120022020_639957.rem;CLARO;2;1;181,58
021;VIA EMBRATEL;BOLETO;639957;05/02/2020;20/02/2020;Primeira Via-PrintHouse;ET02120022020_639957.rem;EMBRATEL;240;70;2.158,45
021;VIA EMBRATEL;BOLETO;639958;05/02/2020;20/02/2020;Primeira Via-PrintHouse;ET02120022020_639958.rem;CLARO;11;5;224,66
021;VIA EMBRATEL;BOLETO;639958;05/02/2020;20/02/2020;Primeira Via-PrintHouse;ET02120022020_639958.rem;EMBRATEL;295;95;3.303,66
021;VIA EMBRATEL;BOLETO;639959;05/02/2020;20/02/2020;Primeira Via-PrintHouse;ET02120022020_639959.rem;CLARO;4;2;218,08
021;VIA EMBRATEL;BOLETO;639959;05/02/2020;20/02/2020;Primeira Via-PrintHouse;ET02120022020_639959.rem;EMBRATEL;317;97;3.586,77
021;VIA EMBRATEL;BOLETO;639960;05/02/2020;20/02/2020;Primeira Via-PrintHouse;ET02120022020_639960.rem;EMBRATEL;244;77;2.660,57
021;VIA EMBRATEL;BOLETO;639960;05/02/2020;20/02/2020;Primeira Via-PrintHouse;ET02120022020_639960.rem;CLARO;4;2;264,34
021;VIA EMBRATEL;BOLETO;639961;05/02/2020;20/02/2020;Primeira Via-PrintHouse;ET02120022020_639961.rem;EMBRATEL;69;23;615,82
021;VIA EMBRATEL;BOLETO;639961;05/02/2020;20/02/2020;Primeira Via-PrintHouse;ET02120022020_639961.rem;CLARO;4;2;332,75
021;VIA EMBRATEL;BOLETO;639745;05/02/2020;20/02/2020;Primeira Via-PrintHouse;E02120022020_639745.rem;EMBRATEL;3;1;40,95
021;VIA EMBRATEL;BOLETO;639745;05/02/2020;20/02/2020;Primeira Via-PrintHouse;E02120022020_639745.rem;NET;1576;618;103.855,51
021;VIA EMBRATEL;BOLETO;639746;05/02/2020;20/02/2020;Primeira Via-PrintHouse;E02120022020_639746.rem;NET;799;360;38.333,17
021;VIA EMBRATEL;BOLETO;639747;05/02/2020;20/02/2020;Primeira Via-PrintHouse;E02120022020_639747.rem;NET;3160;1461;164.033,05
021;VIA EMBRATEL;BOLETO;639747;05/02/2020;20/02/2020;Primeira Via-PrintHouse;E02120022020_639747.rem;CLARO;1;1;38,15
021;VIA EMBRATEL;BOLETO;639748;05/02/2020;20/02/2020;Primeira Via-PrintHouse;E02120022020_639748.rem;NET;2229;946;113.506,68
021;VIA EMBRATEL;BOLETO;639749;05/02/2020;20/02/2020;Primeira Via-PrintHouse;E02120022020_639749.rem;NET;3615;1690;197.460,42
021;VIA EMBRATEL;BOLETO;639750;05/02/2020;20/02/2020;Primeira Via-PrintHouse;E02120022020_639750.rem;NET;2796;1190;169.710,44
021;VIA EMBRATEL;BOLETO;639750;05/02/2020;20/02/2020;Primeira Via-PrintHouse;E02120022020_639750.rem;CLARO;1;1;8,24
021;VIA EMBRATEL;BOLETO;639751;05/02/2020;20/02/2020;Primeira Via-PrintHouse;E02120022020_639751.rem;NET;960;403;53.171,38
021;VIA EMBRATEL;BOLETO;639751;05/02/2020;20/02/2020;Primeira Via-PrintHouse;E02120022020_639751.rem;CLARO;1;1;116,61
021;VIA EMBRATEL;BOLETO;639752;05/02/2020;20/02/2020;Primeira Via-PrintHouse;E02120022020_639752.rem;NET;2722;1161;144.915,53
021;VIA EMBRATEL;BOLETO;639753;05/02/2020;20/02/2020;Primeira Via-PrintHouse;E02120022020_639753.rem;NET;2136;1000;119.973,55
021;VIA EMBRATEL;BOLETO;639754;05/02/2020;20/02/2020;Primeira Via-PrintHouse;E02120022020_639754.rem;NET;2098;1004;119.921,59
021;VIA EMBRATEL;BOLETO;639755;05/02/2020;20/02/2020;Primeira Via-PrintHouse;E02120022020_639755.rem;NET;2117;1003;117.815,50
021;VIA EMBRATEL;BOLETO;639756;05/02/2020;20/02/2020;Primeira Via-PrintHouse;E02120022020_639756.rem;NET;2148;1003;114.270,33
021;VIA EMBRATEL;BOLETO;639757;05/02/2020;20/02/2020;Primeira Via-PrintHouse;E02120022020_639757.rem;NET;2182;1006;120.148,47
021;VIA EMBRATEL;BOLETO;639758;05/02/2020;20/02/2020;Primeira Via-PrintHouse;E02120022020_639758.rem;NET;2199;1007;119.079,10
021;VIA EMBRATEL;BOLETO;639759;05/02/2020;20/02/2020;Primeira Via-PrintHouse;E02120022020_639759.rem;NET;2187;1003;123.017,74
021;VIA EMBRATEL;BOLETO;639759;05/02/2020;20/02/2020;Primeira Via-PrintHouse;E02120022020_639759.rem;CLARO;1;1;46,13
021;VIA EMBRATEL;BOLETO;639760;05/02/2020;20/02/2020;Primeira Via-PrintHouse;E02120022020_639760.rem;NET;2233;1005;123.079,28
021;VIA EMBRATEL;BOLETO;639761;05/02/2020;20/02/2020;Primeira Via-PrintHouse;E02120022020_639761.rem;NET;2237;1008;125.454,21
021;VIA EMBRATEL;BOLETO;639762;05/02/2020;20/02/2020;Primeira Via-PrintHouse;E02120022020_639762.rem;NET;2304;1001;135.964,22
021;VIA EMBRATEL;BOLETO;639763;05/02/2020;20/02/2020;Primeira Via-PrintHouse;E02120022020_639763.rem;NET;2274;1003;126.014,37
021;VIA EMBRATEL;BOLETO;639764;05/02/2020;20/02/2020;Primeira Via-PrintHouse;E02120022020_639764.rem;CLARO;1;1;94,99
021;VIA EMBRATEL;BOLETO;639764;05/02/2020;20/02/2020;Primeira Via-PrintHouse;E02120022020_639764.rem;NET;2325;1000;133.227,82
021;VIA EMBRATEL;BOLETO;639765;05/02/2020;20/02/2020;Primeira Via-PrintHouse;E02120022020_639765.rem;CLARO;1;1;2,96
021;VIA EMBRATEL;BOLETO;639765;05/02/2020;20/02/2020;Primeira Via-PrintHouse;E02120022020_639765.rem;NET;2302;1002;144.989,15
021;VIA EMBRATEL;BOLETO;639766;05/02/2020;20/02/2020;Primeira Via-PrintHouse;E02120022020_639766.rem;NET;2332;1000;145.566,77
021;VIA EMBRATEL;BOLETO;639767;05/02/2020;20/02/2020;Primeira Via-PrintHouse;E02120022020_639767.rem;NET;2306;1001;146.633,17
021;VIA EMBRATEL;BOLETO;639767;05/02/2020;20/02/2020;Primeira Via-PrintHouse;E02120022020_639767.rem;CLARO;1;1;4,38
021;VIA EMBRATEL;BOLETO;639768;05/02/2020;20/02/2020;Primeira Via-PrintHouse;E02120022020_639768.rem;NET;2379;1000;158.466,12
021;VIA EMBRATEL;BOLETO;639769;05/02/2020;20/02/2020;Primeira Via-PrintHouse;E02120022020_639769.rem;CLARO;1;1;116,28
021;VIA EMBRATEL;BOLETO;639769;05/02/2020;20/02/2020;Primeira Via-PrintHouse;E02120022020_639769.rem;NET;2525;1000;152.030,27
021;VIA EMBRATEL;BOLETO;639770;05/02/2020;20/02/2020;Primeira Via-PrintHouse;E02120022020_639770.rem;NET;2877;1000;158.042,37
021;VIA EMBRATEL;BOLETO;639771;05/02/2020;20/02/2020;Primeira Via-PrintHouse;E02120022020_639771.rem;NET;3080;1000;174.157,10
021;VIA EMBRATEL;BOLETO;639772;05/02/2020;20/02/2020;Primeira Via-PrintHouse;E02120022020_639772.rem;NET;2285;1001;118.201,08
021;VIA EMBRATEL;BOLETO;639773;05/02/2020;20/02/2020;Primeira Via-PrintHouse;E02120022020_639773.rem;NET;2282;1002;116.918,07
021;VIA EMBRATEL;BOLETO;639774;05/02/2020;20/02/2020;Primeira Via-PrintHouse;E02120022020_639774.rem;NET;2277;1002;118.810,09
021;VIA EMBRATEL;BOLETO;639774;05/02/2020;20/02/2020;Primeira Via-PrintHouse;E02120022020_639774.rem;CLARO;1;1;284,89
021;VIA EMBRATEL;BOLETO;639775;05/02/2020;20/02/2020;Primeira Via-PrintHouse;E02120022020_639775.rem;NET;2286;1004;116.231,81
021;VIA EMBRATEL;BOLETO;639775;05/02/2020;20/02/2020;Primeira Via-PrintHouse;E02120022020_639775.rem;CLARO;1;1;19,51
021;VIA EMBRATEL;BOLETO;639776;05/02/2020;20/02/2020;Primeira Via-PrintHouse;E02120022020_639776.rem;NET;2303;1006;118.818,10
021;VIA EMBRATEL;BOLETO;639777;05/02/2020;20/02/2020;Primeira Via-PrintHouse;E02120022020_639777.rem;NET;2255;1004;116.661,26
021;VIA EMBRATEL;BOLETO;639778;05/02/2020;20/02/2020;Primeira Via-PrintHouse;E02120022020_639778.rem;NET;2277;1002;175.655,35
021;VIA EMBRATEL;BOLETO;639779;05/02/2020;20/02/2020;Primeira Via-PrintHouse;E02120022020_639779.rem;NET;2310;1005;114.999,69
021;VIA EMBRATEL;BOLETO;639780;05/02/2020;20/02/2020;Primeira Via-PrintHouse;E02120022020_639780.rem;NET;2296;1002;115.465,15
021;VIA EMBRATEL;BOLETO;639781;05/02/2020;20/02/2020;Primeira Via-PrintHouse;E02120022020_639781.rem;CLARO;1;1;72,09
021;VIA EMBRATEL;BOLETO;639781;05/02/2020;20/02/2020;Primeira Via-PrintHouse;E02120022020_639781.rem;NET;2265;1000;124.540,63
021;VIA EMBRATEL;BOLETO;639782;05/02/2020;20/02/2020;Primeira Via-PrintHouse;E02120022020_639782.rem;NET;2294;1000;126.353,99
021;VIA EMBRATEL;BOLETO;639783;05/02/2020;20/02/2020;Primeira Via-PrintHouse;E02120022020_639783.rem;NET;2251;1002;131.845,98
021;VIA EMBRATEL;BOLETO;639784;05/02/2020;20/02/2020;Primeira Via-PrintHouse;E02120022020_639784.rem;NET;2297;1001;129.953,26
021;VIA EMBRATEL;BOLETO;639785;05/02/2020;20/02/2020;Primeira Via-PrintHouse;E02120022020_639785.rem;NET;2322;1001;132.606,09
021;VIA EMBRATEL;BOLETO;639786;05/02/2020;20/02/2020;Primeira Via-PrintHouse;E02120022020_639786.rem;NET;2342;1001;229.799,40
021;VIA EMBRATEL;BOLETO;639787;05/02/2020;20/02/2020;Primeira Via-PrintHouse;E02120022020_639787.rem;NET;2244;1000;128.826,81
021;VIA EMBRATEL;BOLETO;639788;05/02/2020;20/02/2020;Primeira Via-PrintHouse;E02120022020_639788.rem;NET;2227;1000;132.866,81
021;VIA EMBRATEL;BOLETO;639789;05/02/2020;20/02/2020;Primeira Via-PrintHouse;E02120022020_639789.rem;NET;2215;1001;131.184,85
021;VIA EMBRATEL;BOLETO;639790;05/02/2020;20/02/2020;Primeira Via-PrintHouse;E02120022020_639790.rem;NET;2131;1001;130.774,09
021;VIA EMBRATEL;BOLETO;639790;05/02/2020;20/02/2020;Primeira Via-PrintHouse;E02120022020_639790.rem;CLARO;1;1;83,25
021;VIA EMBRATEL;BOLETO;639791;05/02/2020;20/02/2020;Primeira Via-PrintHouse;E02120022020_639791.rem;NET;2116;1002;122.899,54
021;VIA EMBRATEL;BOLETO;639791;05/02/2020;20/02/2020;Primeira Via-PrintHouse;E02120022020_639791.rem;CLARO;1;1;0,00
021;VIA EMBRATEL;BOLETO;639792;05/02/2020;20/02/2020;Primeira Via-PrintHouse;E02120022020_639792.rem;NET;2127;1000;118.708,30
021;VIA EMBRATEL;BOLETO;639792;05/02/2020;20/02/2020;Primeira Via-PrintHouse;E02120022020_639792.rem;CLARO;1;1;87,27
021;VIA EMBRATEL;BOLETO;639793;05/02/2020;20/02/2020;Primeira Via-PrintHouse;E02120022020_639793.rem;NET;2106;1000;127.404,17
021;VIA EMBRATEL;BOLETO;639794;05/02/2020;20/02/2020;Primeira Via-PrintHouse;E02120022020_639794.rem;NET;2154;1000;122.535,81
021;VIA EMBRATEL;BOLETO;639795;05/02/2020;20/02/2020;Primeira Via-PrintHouse;E02120022020_639795.rem;NET;2135;1002;121.956,11
021;VIA EMBRATEL;BOLETO;639796;05/02/2020;20/02/2020;Primeira Via-PrintHouse;E02120022020_639796.rem;NET;2142;1000;120.358,48
021;VIA EMBRATEL;BOLETO;639797;05/02/2020;20/02/2020;Primeira Via-PrintHouse;E02120022020_639797.rem;NET;2112;1004;117.704,23
021;VIA EMBRATEL;BOLETO;639798;05/02/2020;20/02/2020;Primeira Via-PrintHouse;E02120022020_639798.rem;NET;2109;1000;114.657,51
021;VIA EMBRATEL;BOLETO;639799;05/02/2020;20/02/2020;Primeira Via-PrintHouse;E02120022020_639799.rem;NET;2125;1001;112.639,85
021;VIA EMBRATEL;BOLETO;639998;06/02/2020;20/02/2020;Primeira Via-PrintHouse;ETR302120022020_639998.rem;EMBRATEL;3;1;33,25
021;VIA EMBRATEL;CARTAO DE CREDITO;639936;05/02/2020;20/02/2020;Primeira Via-PrintHouse;CC02120022020_639936.rem;NET;14;7;887,22
021;VIA EMBRATEL;CARTAO DE CREDITO;639936;05/02/2020;20/02/2020;Primeira Via-PrintHouse;CC02120022020_639936.rem;CLARO;3;3;448,88
021;VIA EMBRATEL;CARTAO DE CREDITO;639932;05/02/2020;20/02/2020;Primeira Via-PrintHouse;CR102120022020_639932.rem;NET;175;83;9.945,49
021;VIA EMBRATEL;CARTAO DE CREDITO;639933;05/02/2020;20/02/2020;Primeira Via-PrintHouse;CR302120022020_639933.rem;NET;144;69;9.041,43
021;VIA EMBRATEL;CARTAO DE CREDITO;639939;05/02/2020;20/02/2020;Primeira Via-PrintHouse;CTC02120022020_639939.rem;CLARO;152;130;15.926,81
021;VIA EMBRATEL;CARTAO DE CREDITO;639939;05/02/2020;20/02/2020;Primeira Via-PrintHouse;CTC02120022020_639939.rem;EMBRATEL;24;17;454,74
021;VIA EMBRATEL;CARTAO DE CREDITO;639939;05/02/2020;20/02/2020;Primeira Via-PrintHouse;CTC02120022020_639939.rem;NET;231;111;13.510,06
021;VIA EMBRATEL;CARTAO DE CREDITO;639992;05/02/2020;20/02/2020;Primeira Via-PrintHouse;CTC02120022020_639992.rem;EMBRATEL;0;1;39,90
021;VIA EMBRATEL;CARTAO DE CREDITO;639992;05/02/2020;20/02/2020;Primeira Via-PrintHouse;CTC02120022020_639992.rem;CLARO;11;5;372,43
021;VIA EMBRATEL;CARTAO DE CREDITO;639937;05/02/2020;20/02/2020;Primeira Via-PrintHouse;CTRX02120022020_639937.rem;CLARO;9;9;1.089,64
021;VIA EMBRATEL;CARTAO DE CREDITO;639937;05/02/2020;20/02/2020;Primeira Via-PrintHouse;CTRX02120022020_639937.rem;NET;18;9;1.324,17
021;VIA EMBRATEL;CARTAO DE CREDITO;639938;05/02/2020;20/02/2020;Primeira Via-PrintHouse;CTRZ02120022020_639938.rem;CLARO;8;8;896,67
021;VIA EMBRATEL;CARTAO DE CREDITO;639938;05/02/2020;20/02/2020;Primeira Via-PrintHouse;CTRZ02120022020_639938.rem;NET;18;8;1.405,71
021;VIA EMBRATEL;CARTAO DE CREDITO;639934;05/02/2020;20/02/2020;Primeira Via-PrintHouse;CTR302120022020_639934.rem;NET;2;1;110,06
021;VIA EMBRATEL;CARTAO DE CREDITO;639934;05/02/2020;20/02/2020;Primeira Via-PrintHouse;CTR302120022020_639934.rem;EMBRATEL;2;1;24,90
021;VIA EMBRATEL;CARTAO DE CREDITO;639935;05/02/2020;20/02/2020;Primeira Via-PrintHouse;CT02120022020_639935.rem;CLARO;5;6;308,72
021;VIA EMBRATEL;CARTAO DE CREDITO;639935;05/02/2020;20/02/2020;Primeira Via-PrintHouse;CT02120022020_639935.rem;NET;51;34;1.597,43
021;VIA EMBRATEL;CARTAO DE CREDITO;639935;05/02/2020;20/02/2020;Primeira Via-PrintHouse;CT02120022020_639935.rem;EMBRATEL;300;99;3.337,96
021;VIA EMBRATEL;CARTAO DE CREDITO;639991;05/02/2020;20/02/2020;Primeira Via-PrintHouse;CT02120022020_639991.rem;EMBRATEL;61;20;565,64
021;VIA EMBRATEL;CARTAO DE CREDITO;639931;05/02/2020;20/02/2020;Primeira Via-PrintHouse;C02120022020_639931.rem;NET;2814;1306;161.204,52
021;VIA EMBRATEL;CARTAO DE CREDITO;639931;05/02/2020;20/02/2020;Primeira Via-PrintHouse;C02120022020_639931.rem;CLARO;1;1;86,00
021;VIA EMBRATEL;DEBITO EM CONTA;639900;05/02/2020;20/02/2020;Primeira Via-PrintHouse;DC02120022020_639900.rem;CLARO;4;4;417,04
021;VIA EMBRATEL;DEBITO EM CONTA;639900;05/02/2020;20/02/2020;Primeira Via-PrintHouse;DC02120022020_639900.rem;NET;121;58;6.680,92
021;VIA EMBRATEL;DEBITO EM CONTA;639901;05/02/2020;20/02/2020;Primeira Via-PrintHouse;DC02120022020_639901.rem;NET;4;2;432,24
021;VIA EMBRATEL;DEBITO EM CONTA;639901;05/02/2020;20/02/2020;Primeira Via-PrintHouse;DC02120022020_639901.rem;CLARO;1;1;204,62
021;VIA EMBRATEL;DEBITO EM CONTA;639902;05/02/2020;20/02/2020;Primeira Via-PrintHouse;DC02120022020_639902.rem;NET;2;1;239,80
021;VIA EMBRATEL;DEBITO EM CONTA;639903;05/02/2020;20/02/2020;Primeira Via-PrintHouse;DC02120022020_639903.rem;NET;46;16;1.673,86
021;VIA EMBRATEL;DEBITO EM CONTA;639930;05/02/2020;20/02/2020;Primeira Via-PrintHouse;DRZ02120022020_639930.rem;CLARO;1;1;27,50
021;VIA EMBRATEL;DEBITO EM CONTA;639930;05/02/2020;20/02/2020;Primeira Via-PrintHouse;DRZ02120022020_639930.rem;NET;2;1;148,54
021;VIA EMBRATEL;DEBITO EM CONTA;639904;05/02/2020;20/02/2020;Primeira Via-PrintHouse;DR1C02120022020_639904.rem;NET;2;1;54,90
021;VIA EMBRATEL;DEBITO EM CONTA;639882;05/02/2020;20/02/2020;Primeira Via-PrintHouse;DR102120022020_639882.rem;NET;297;153;18.481,48
021;VIA EMBRATEL;DEBITO EM CONTA;639883;05/02/2020;20/02/2020;Primeira Via-PrintHouse;DR102120022020_639883.rem;NET;1103;463;65.976,38
021;VIA EMBRATEL;DEBITO EM CONTA;639884;05/02/2020;20/02/2020;Primeira Via-PrintHouse;DR102120022020_639884.rem;NET;38;19;2.451,56
021;VIA EMBRATEL;DEBITO EM CONTA;639905;05/02/2020;20/02/2020;Primeira Via-PrintHouse;DR3C02120022020_639905.rem;NET;6;3;542,87
021;VIA EMBRATEL;DEBITO EM CONTA;639885;05/02/2020;20/02/2020;Primeira Via-PrintHouse;DR302120022020_639885.rem;NET;1169;546;70.925,40
021;VIA EMBRATEL;DEBITO EM CONTA;639886;05/02/2020;20/02/2020;Primeira Via-PrintHouse;DR302120022020_639886.rem;NET;29;15;1.726,90
021;VIA EMBRATEL;DEBITO EM CONTA;639910;05/02/2020;20/02/2020;Primeira Via-PrintHouse;DTC02120022020_639910.rem;EMBRATEL;219;165;3.879,20
021;VIA EMBRATEL;DEBITO EM CONTA;639910;05/02/2020;20/02/2020;Primeira Via-PrintHouse;DTC02120022020_639910.rem;NET;1788;856;107.430,24
021;VIA EMBRATEL;DEBITO EM CONTA;639910;05/02/2020;20/02/2020;Primeira Via-PrintHouse;DTC02120022020_639910.rem;CLARO;1404;1133;157.749,51
021;VIA EMBRATEL;DEBITO EM CONTA;639911;05/02/2020;20/02/2020;Primeira Via-PrintHouse;DTC02120022020_639911.rem;CLARO;1;1;259,96
021;VIA EMBRATEL;DEBITO EM CONTA;639911;05/02/2020;20/02/2020;Primeira Via-PrintHouse;DTC02120022020_639911.rem;NET;1;1;76,75
021;VIA EMBRATEL;DEBITO EM CONTA;639912;05/02/2020;20/02/2020;Primeira Via-PrintHouse;DTC02120022020_639912.rem;NET;3;1;122,46
021;VIA EMBRATEL;DEBITO EM CONTA;639912;05/02/2020;20/02/2020;Primeira Via-PrintHouse;DTC02120022020_639912.rem;CLARO;1;1;55,25
021;VIA EMBRATEL;DEBITO EM CONTA;639913;05/02/2020;20/02/2020;Primeira Via-PrintHouse;DTC02120022020_639913.rem;NET;1;1;0,00
021;VIA EMBRATEL;DEBITO EM CONTA;639914;05/02/2020;20/02/2020;Primeira Via-PrintHouse;DTC02120022020_639914.rem;NET;2;1;0,00
021;VIA EMBRATEL;DEBITO EM CONTA;639915;05/02/2020;20/02/2020;Primeira Via-PrintHouse;DTC02120022020_639915.rem;NET;1;1;0,00
021;VIA EMBRATEL;DEBITO EM CONTA;639916;05/02/2020;20/02/2020;Primeira Via-PrintHouse;DTC02120022020_639916.rem;EMBRATEL;3;1;19,99
021;VIA EMBRATEL;DEBITO EM CONTA;639917;05/02/2020;20/02/2020;Primeira Via-PrintHouse;DTC02120022020_639917.rem;CLARO;0;1;133,00
021;VIA EMBRATEL;DEBITO EM CONTA;639917;05/02/2020;20/02/2020;Primeira Via-PrintHouse;DTC02120022020_639917.rem;EMBRATEL;3;1;20,16
021;VIA EMBRATEL;DEBITO EM CONTA;639918;05/02/2020;20/02/2020;Primeira Via-PrintHouse;DTC02120022020_639918.rem;EMBRATEL;16;8;227,88
021;VIA EMBRATEL;DEBITO EM CONTA;639918;05/02/2020;20/02/2020;Primeira Via-PrintHouse;DTC02120022020_639918.rem;CLARO;44;44;9.408,86
021;VIA EMBRATEL;DEBITO EM CONTA;639918;05/02/2020;20/02/2020;Primeira Via-PrintHouse;DTC02120022020_639918.rem;NET;76;39;6.559,55
021;VIA EMBRATEL;DEBITO EM CONTA;639919;05/02/2020;20/02/2020;Primeira Via-PrintHouse;DTC02120022020_639919.rem;NET;1;1;0,00
021;VIA EMBRATEL;DEBITO EM CONTA;639920;05/02/2020;20/02/2020;Primeira Via-PrintHouse;DTC02120022020_639920.rem;NET;1;1;0,00
021;VIA EMBRATEL;DEBITO EM CONTA;639921;05/02/2020;20/02/2020;Primeira Via-PrintHouse;DTC02120022020_639921.rem;CLARO;6;2;680,80
021;VIA EMBRATEL;DEBITO EM CONTA;639921;05/02/2020;20/02/2020;Primeira Via-PrintHouse;DTC02120022020_639921.rem;EMBRATEL;0;2;44,80
021;VIA EMBRATEL;DEBITO EM CONTA;639922;05/02/2020;20/02/2020;Primeira Via-PrintHouse;DTC02120022020_639922.rem;CLARO;28;27;3.732,97
021;VIA EMBRATEL;DEBITO EM CONTA;639922;05/02/2020;20/02/2020;Primeira Via-PrintHouse;DTC02120022020_639922.rem;NET;53;26;3.574,86
021;VIA EMBRATEL;DEBITO EM CONTA;639923;05/02/2020;20/02/2020;Primeira Via-PrintHouse;DTC02120022020_639923.rem;NET;54;26;3.415,91
021;VIA EMBRATEL;DEBITO EM CONTA;639923;05/02/2020;20/02/2020;Primeira Via-PrintHouse;DTC02120022020_639923.rem;CLARO;26;26;4.241,70
021;VIA EMBRATEL;DEBITO EM CONTA;639924;05/02/2020;20/02/2020;Primeira Via-PrintHouse;DTC02120022020_639924.rem;CLARO;107;80;11.973,83
021;VIA EMBRATEL;DEBITO EM CONTA;639924;05/02/2020;20/02/2020;Primeira Via-PrintHouse;DTC02120022020_639924.rem;NET;104;51;6.358,42
021;VIA EMBRATEL;DEBITO EM CONTA;639924;05/02/2020;20/02/2020;Primeira Via-PrintHouse;DTC02120022020_639924.rem;EMBRATEL;28;17;436,31
021;VIA EMBRATEL;DEBITO EM CONTA;639925;05/02/2020;20/02/2020;Primeira Via-PrintHouse;DTC02120022020_639925.rem;NET;45;21;2.783,29
021;VIA EMBRATEL;DEBITO EM CONTA;639925;05/02/2020;20/02/2020;Primeira Via-PrintHouse;DTC02120022020_639925.rem;EMBRATEL;6;3;59,79
021;VIA EMBRATEL;DEBITO EM CONTA;639925;05/02/2020;20/02/2020;Primeira Via-PrintHouse;DTC02120022020_639925.rem;CLARO;34;29;3.929,98
021;VIA EMBRATEL;DEBITO EM CONTA;639926;05/02/2020;20/02/2020;Primeira Via-PrintHouse;DTC02120022020_639926.rem;CLARO;2;1;260,68
021;VIA EMBRATEL;DEBITO EM CONTA;639927;05/02/2020;20/02/2020;Primeira Via-PrintHouse;DTC02120022020_639927.rem;NET;1;1;0,00
021;VIA EMBRATEL;DEBITO EM CONTA;639928;05/02/2020;20/02/2020;Primeira Via-PrintHouse;DTC02120022020_639928.rem;CLARO;163;131;20.787,90
021;VIA EMBRATEL;DEBITO EM CONTA;639928;05/02/2020;20/02/2020;Primeira Via-PrintHouse;DTC02120022020_639928.rem;EMBRATEL;28;20;377,77
021;VIA EMBRATEL;DEBITO EM CONTA;639928;05/02/2020;20/02/2020;Primeira Via-PrintHouse;DTC02120022020_639928.rem;NET;271;94;10.089,34
021;VIA EMBRATEL;DEBITO EM CONTA;639929;05/02/2020;20/02/2020;Primeira Via-PrintHouse;DTC02120022020_639929.rem;NET;1139;618;81.176,60
021;VIA EMBRATEL;DEBITO EM CONTA;639929;05/02/2020;20/02/2020;Primeira Via-PrintHouse;DTC02120022020_639929.rem;EMBRATEL;316;217;6.018,19
021;VIA EMBRATEL;DEBITO EM CONTA;639929;05/02/2020;20/02/2020;Primeira Via-PrintHouse;DTC02120022020_639929.rem;CLARO;1192;911;154.998,00
021;VIA EMBRATEL;DEBITO EM CONTA;639986;05/02/2020;20/02/2020;Primeira Via-PrintHouse;DTC02120022020_639986.rem;CLARO;2;1;210,34
021;VIA EMBRATEL;DEBITO EM CONTA;639987;05/02/2020;20/02/2020;Primeira Via-PrintHouse;DTC02120022020_639987.rem;CLARO;39;23;2.989,17
021;VIA EMBRATEL;DEBITO EM CONTA;639987;05/02/2020;20/02/2020;Primeira Via-PrintHouse;DTC02120022020_639987.rem;EMBRATEL;21;11;281,44
021;VIA EMBRATEL;DEBITO EM CONTA;639988;05/02/2020;20/02/2020;Primeira Via-PrintHouse;DTC02120022020_639988.rem;CLARO;66;42;6.375,02
021;VIA EMBRATEL;DEBITO EM CONTA;639988;05/02/2020;20/02/2020;Primeira Via-PrintHouse;DTC02120022020_639988.rem;EMBRATEL;43;23;602,50
021;VIA EMBRATEL;DEBITO EM CONTA;639989;05/02/2020;20/02/2020;Primeira Via-PrintHouse;DTC02120022020_639989.rem;CLARO;2;1;606,36
021;VIA EMBRATEL;DEBITO EM CONTA;639990;05/02/2020;20/02/2020;Primeira Via-PrintHouse;DTC02120022020_639990.rem;CLARO;2;1;6,85
021;VIA EMBRATEL;DEBITO EM CONTA;639994;05/02/2020;20/02/2020;Primeira Via-PrintHouse;DTC02120022020_639994.rem;EMBRATEL;0;2;50,65
021;VIA EMBRATEL;DEBITO EM CONTA;639994;05/02/2020;20/02/2020;Primeira Via-PrintHouse;DTC02120022020_639994.rem;CLARO;6;2;219,98
021;VIA EMBRATEL;DEBITO EM CONTA;639995;05/02/2020;20/02/2020;Primeira Via-PrintHouse;DTC02120022020_639995.rem;CLARO;2;1;78,05
021;VIA EMBRATEL;DEBITO EM CONTA;639996;05/02/2020;20/02/2020;Primeira Via-PrintHouse;DTC02120022020_639996.rem;CLARO;2;1;3,98
021;VIA EMBRATEL;DEBITO EM CONTA;639997;05/02/2020;20/02/2020;Primeira Via-PrintHouse;DTC02120022020_639997.rem;CLARO;2;1;241,55
021;VIA EMBRATEL;DEBITO EM CONTA;639906;05/02/2020;20/02/2020;Primeira Via-PrintHouse;DTRX02120022020_639906.rem;NET;201;89;11.501,58
021;VIA EMBRATEL;DEBITO EM CONTA;639906;05/02/2020;20/02/2020;Primeira Via-PrintHouse;DTRX02120022020_639906.rem;CLARO;93;89;13.602,31
021;VIA EMBRATEL;DEBITO EM CONTA;639906;05/02/2020;20/02/2020;Primeira Via-PrintHouse;DTRX02120022020_639906.rem;EMBRATEL;4;5;139,43
021;VIA EMBRATEL;DEBITO EM CONTA;639907;05/02/2020;20/02/2020;Primeira Via-PrintHouse;DTRX02120022020_639907.rem;NET;4;2;163,74
021;VIA EMBRATEL;DEBITO EM CONTA;639907;05/02/2020;20/02/2020;Primeira Via-PrintHouse;DTRX02120022020_639907.rem;CLARO;2;2;143,74
021;VIA EMBRATEL;DEBITO EM CONTA;639993;05/02/2020;20/02/2020;Primeira Via-PrintHouse;DTRX02120022020_639993.rem;CLARO;3;1;133,43
021;VIA EMBRATEL;DEBITO EM CONTA;639993;05/02/2020;20/02/2020;Primeira Via-PrintHouse;DTRX02120022020_639993.rem;EMBRATEL;0;1;19,90
021;VIA EMBRATEL;DEBITO EM CONTA;639908;05/02/2020;20/02/2020;Primeira Via-PrintHouse;DTRZ02120022020_639908.rem;CLARO;104;103;16.947,27
021;VIA EMBRATEL;DEBITO EM CONTA;639908;05/02/2020;20/02/2020;Primeira Via-PrintHouse;DTRZ02120022020_639908.rem;NET;233;104;14.466,78
021;VIA EMBRATEL;DEBITO EM CONTA;639908;05/02/2020;20/02/2020;Primeira Via-PrintHouse;DTRZ02120022020_639908.rem;EMBRATEL;6;6;167,92
021;VIA EMBRATEL;DEBITO EM CONTA;639909;05/02/2020;20/02/2020;Primeira Via-PrintHouse;DTRZ02120022020_639909.rem;NET;10;5;822,25
021;VIA EMBRATEL;DEBITO EM CONTA;639909;05/02/2020;20/02/2020;Primeira Via-PrintHouse;DTRZ02120022020_639909.rem;CLARO;5;5;615,91
021;VIA EMBRATEL;DEBITO EM CONTA;639887;05/02/2020;20/02/2020;Primeira Via-PrintHouse;DTR102120022020_639887.rem;NET;39;19;2.664,24
021;VIA EMBRATEL;DEBITO EM CONTA;639887;05/02/2020;20/02/2020;Primeira Via-PrintHouse;DTR102120022020_639887.rem;CLARO;4;4;412,89
021;VIA EMBRATEL;DEBITO EM CONTA;639887;05/02/2020;20/02/2020;Primeira Via-PrintHouse;DTR102120022020_639887.rem;EMBRATEL;28;14;461,60
021;VIA EMBRATEL;DEBITO EM CONTA;639888;05/02/2020;20/02/2020;Primeira Via-PrintHouse;DTR302120022020_639888.rem;EMBRATEL;26;13;397,11
021;VIA EMBRATEL;DEBITO EM CONTA;639888;05/02/2020;20/02/2020;Primeira Via-PrintHouse;DTR302120022020_639888.rem;CLARO;1;1;187,98
021;VIA EMBRATEL;DEBITO EM CONTA;639888;05/02/2020;20/02/2020;Primeira Via-PrintHouse;DTR302120022020_639888.rem;NET;32;16;2.211,22
021;VIA EMBRATEL;DEBITO EM CONTA;639889;05/02/2020;20/02/2020;Primeira Via-PrintHouse;DT02120022020_639889.rem;EMBRATEL;5069;1672;56.693,62
021;VIA EMBRATEL;DEBITO EM CONTA;639889;05/02/2020;20/02/2020;Primeira Via-PrintHouse;DT02120022020_639889.rem;NET;542;343;28.126,79
021;VIA EMBRATEL;DEBITO EM CONTA;639889;05/02/2020;20/02/2020;Primeira Via-PrintHouse;DT02120022020_639889.rem;CLARO;87;62;7.571,64
021;VIA EMBRATEL;DEBITO EM CONTA;639890;05/02/2020;20/02/2020;Primeira Via-PrintHouse;DT02120022020_639890.rem;EMBRATEL;0;1;19,90
021;VIA EMBRATEL;DEBITO EM CONTA;639890;05/02/2020;20/02/2020;Primeira Via-PrintHouse;DT02120022020_639890.rem;CLARO;3;1;44,99
021;VIA EMBRATEL;DEBITO EM CONTA;639891;05/02/2020;20/02/2020;Primeira Via-PrintHouse;DT02120022020_639891.rem;NET;8;5;610,31
021;VIA EMBRATEL;DEBITO EM CONTA;639891;05/02/2020;20/02/2020;Primeira Via-PrintHouse;DT02120022020_639891.rem;EMBRATEL;84;29;982,53
021;VIA EMBRATEL;DEBITO EM CONTA;639892;05/02/2020;20/02/2020;Primeira Via-PrintHouse;DT02120022020_639892.rem;NET;1;1;0,00
021;VIA EMBRATEL;DEBITO EM CONTA;639893;05/02/2020;20/02/2020;Primeira Via-PrintHouse;DT02120022020_639893.rem;EMBRATEL;4;2;48,74
021;VIA EMBRATEL;DEBITO EM CONTA;639893;05/02/2020;20/02/2020;Primeira Via-PrintHouse;DT02120022020_639893.rem;NET;5;3;384,42
021;VIA EMBRATEL;DEBITO EM CONTA;639894;05/02/2020;20/02/2020;Primeira Via-PrintHouse;DT02120022020_639894.rem;EMBRATEL;3;1;30,75
021;VIA EMBRATEL;DEBITO EM CONTA;639895;05/02/2020;20/02/2020;Primeira Via-PrintHouse;DT02120022020_639895.rem;EMBRATEL;4;2;66,73
021;VIA EMBRATEL;DEBITO EM CONTA;639895;05/02/2020;20/02/2020;Primeira Via-PrintHouse;DT02120022020_639895.rem;NET;6;3;340,57
021;VIA EMBRATEL;DEBITO EM CONTA;639895;05/02/2020;20/02/2020;Primeira Via-PrintHouse;DT02120022020_639895.rem;CLARO;1;1;63,99
021;VIA EMBRATEL;DEBITO EM CONTA;639896;05/02/2020;20/02/2020;Primeira Via-PrintHouse;DT02120022020_639896.rem;NET;29;15;1.381,54
021;VIA EMBRATEL;DEBITO EM CONTA;639896;05/02/2020;20/02/2020;Primeira Via-PrintHouse;DT02120022020_639896.rem;CLARO;7;5;425,56
021;VIA EMBRATEL;DEBITO EM CONTA;639896;05/02/2020;20/02/2020;Primeira Via-PrintHouse;DT02120022020_639896.rem;EMBRATEL;125;42;1.356,32
021;VIA EMBRATEL;DEBITO EM CONTA;639897;05/02/2020;20/02/2020;Primeira Via-PrintHouse;DT02120022020_639897.rem;NET;7;4;309,70
021;VIA EMBRATEL;DEBITO EM CONTA;639897;05/02/2020;20/02/2020;Primeira Via-PrintHouse;DT02120022020_639897.rem;EMBRATEL;56;19;672,06
021;VIA EMBRATEL;DEBITO EM CONTA;639898;05/02/2020;20/02/2020;Primeira Via-PrintHouse;DT02120022020_639898.rem;EMBRATEL;121;42;1.142,67
021;VIA EMBRATEL;DEBITO EM CONTA;639898;05/02/2020;20/02/2020;Primeira Via-PrintHouse;DT02120022020_639898.rem;CLARO;17;11;1.523,25
021;VIA EMBRATEL;DEBITO EM CONTA;639898;05/02/2020;20/02/2020;Primeira Via-PrintHouse;DT02120022020_639898.rem;NET;22;9;723,27
021;VIA EMBRATEL;DEBITO EM CONTA;639899;05/02/2020;20/02/2020;Primeira Via-PrintHouse;DT02120022020_639899.rem;NET;1;1;0,00
021;VIA EMBRATEL;DEBITO EM CONTA;639979;05/02/2020;20/02/2020;Primeira Via-PrintHouse;DT02120022020_639979.rem;CLARO;2;1;207,73
021;VIA EMBRATEL;DEBITO EM CONTA;639980;05/02/2020;20/02/2020;Primeira Via-PrintHouse;DT02120022020_639980.rem;EMBRATEL;417;132;4.434,71
021;VIA EMBRATEL;DEBITO EM CONTA;639981;05/02/2020;20/02/2020;Primeira Via-PrintHouse;DT02120022020_639981.rem;EMBRATEL;3;1;19,90
021;VIA EMBRATEL;DEBITO EM CONTA;639982;05/02/2020;20/02/2020;Primeira Via-PrintHouse;DT02120022020_639982.rem;EMBRATEL;6;2;66,47
021;VIA EMBRATEL;DEBITO EM CONTA;639983;05/02/2020;20/02/2020;Primeira Via-PrintHouse;DT02120022020_639983.rem;CLARO;2;1;45,98
021;VIA EMBRATEL;DEBITO EM CONTA;639984;05/02/2020;20/02/2020;Primeira Via-PrintHouse;DT02120022020_639984.rem;EMBRATEL;6;2;47,98
021;VIA EMBRATEL;DEBITO EM CONTA;639985;05/02/2020;20/02/2020;Primeira Via-PrintHouse;DT02120022020_639985.rem;EMBRATEL;13;4;79,78
021;VIA EMBRATEL;DEBITO EM CONTA;639868;05/02/2020;20/02/2020;Primeira Via-PrintHouse;D02120022020_639868.rem;CLARO;1;1;56,51
021;VIA EMBRATEL;DEBITO EM CONTA;639868;05/02/2020;20/02/2020;Primeira Via-PrintHouse;D02120022020_639868.rem;NET;2601;1035;133.048,95
021;VIA EMBRATEL;DEBITO EM CONTA;639869;05/02/2020;20/02/2020;Primeira Via-PrintHouse;D02120022020_639869.rem;NET;97;50;6.613,33
021;VIA EMBRATEL;DEBITO EM CONTA;639870;05/02/2020;20/02/2020;Primeira Via-PrintHouse;D02120022020_639870.rem;NET;189;96;80.213,33
021;VIA EMBRATEL;DEBITO EM CONTA;639871;05/02/2020;20/02/2020;Primeira Via-PrintHouse;D02120022020_639871.rem;NET;468;239;29.375,02
021;VIA EMBRATEL;DEBITO EM CONTA;639872;05/02/2020;20/02/2020;Primeira Via-PrintHouse;D02120022020_639872.rem;NET;375;182;23.491,03
021;VIA EMBRATEL;DEBITO EM CONTA;639873;05/02/2020;20/02/2020;Primeira Via-PrintHouse;D02120022020_639873.rem;NET;122;58;7.994,52
021;VIA EMBRATEL;DEBITO EM CONTA;639874;05/02/2020;20/02/2020;Primeira Via-PrintHouse;D02120022020_639874.rem;NET;532;254;27.237,32
021;VIA EMBRATEL;DEBITO EM CONTA;639875;05/02/2020;20/02/2020;Primeira Via-PrintHouse;D02120022020_639875.rem;NET;1996;1010;131.506,18
021;VIA EMBRATEL;DEBITO EM CONTA;639876;05/02/2020;20/02/2020;Primeira Via-PrintHouse;D02120022020_639876.rem;NET;2001;1000;139.609,88
021;VIA EMBRATEL;DEBITO EM CONTA;639877;05/02/2020;20/02/2020;Primeira Via-PrintHouse;D02120022020_639877.rem;NET;1968;1001;124.686,95
021;VIA EMBRATEL;DEBITO EM CONTA;639878;05/02/2020;20/02/2020;Primeira Via-PrintHouse;D02120022020_639878.rem;NET;1962;1003;136.346,10
021;VIA EMBRATEL;DEBITO EM CONTA;639879;05/02/2020;20/02/2020;Primeira Via-PrintHouse;D02120022020_639879.rem;NET;1995;1003;122.787,70
021;VIA EMBRATEL;DEBITO EM CONTA;639880;05/02/2020;20/02/2020;Primeira Via-PrintHouse;D02120022020_639880.rem;NET;2004;1007;120.401,28
021;VIA EMBRATEL;DEBITO EM CONTA;639881;05/02/2020;20/02/2020;Primeira Via-PrintHouse;D02120022020_639881.rem;NET;2045;1005;131.026,76


**********
FATURAS EBT CONTESTADAS/ALTERADAS
COD_OPERADORA;NOME_CIDADE;NUM_CONTRATO;ID_COBRANCA_PARCEIRO;NOME_PARCEIRO;VALOR_TOTAL;STATUS_COBRANCA
021;VIA EMBRATEL;168944036;377433839;EMBRATEL;32,14;CONTESTADO
021;VIA EMBRATEL;180979180;377420245;CLARO;56,62;CONTESTADO
FIM
